{"learner":{"attributes":{"scikit_learn":"{\"_estimator_type\": \"regressor\"}"},"feature_names":[],"feature_types":[],"gradient_booster":{"model":{"gbtree_model_param":{"num_parallel_tree":"1","num_trees":"10"},"iteration_indptr":[0,1,2,3,4,5,6,7,8,9,10],"tree_info":[0,0,0,0,0,0,0,0,0,0],"trees":[{"base_weights":[7.142857E-3,-4.290944E4,7.1336956E5,-5.699117E4,1.842415E4,3.7392555E4,8.4225086E4,-5.954113E3,3.9315366E2],"categories":[],"categories_nodes":[],"categories_segments":[],"categories_sizes":[],"default_left":[0,0,0,0,0,0,0,0,0],"id":0,"left_children":[1,3,5,7,-1,-1,-1,-1,-1],"loss_changes":[4.3160515E12,4.3592437E11,3.5044983E10,1.9808256E10,0E0,0E0,0E0,0E0,0E0],"parents":[2147483647,0,0,1,1,2,2,3,3],"right_children":[2,4,6,8,-1,-1,-1,-1,-1],"split_conditions":[1.8397539E0,4.363989E-1,2.3918421E0,-5.372305E-2,1.842415E4,3.7392555E4,8.4225086E4,-5.954113E3,3.9315366E2],"split_indices":[0,0,0,1,0,0,0,0,0],"split_type":[0,0,0,0,0,0,0,0,0],"sum_hessian":[1.39E2,1.32E2,7E0,1.25E2,7E0,3E0,4E0,1.2E2,5E0],"tree_param":{"num_deleted":"0","num_feature":"28","num_nodes":"9","size_leaf_vector":"1"}},{"base_weights":[9.6059283E2,-3.852177E4,6.572348E5,-5.1336176E4,1.6812038E5,3.8703445E4,8.306766E4,-5.429025E3,-6.9010175E2,8.952327E3,1.9737396E4],"categories":[],"categories_nodes":[],"categories_segments":[],"categories_sizes":[],"default_left":[0,0,0,0,0,0,0,0,0,0,0],"id":1,"left_children":[1,3,5,7,9,-1,-1,-1,-1,-1,-1],"loss_changes":[3.6528935E12,3.608142E11,5.3412102E10,1.6164651E10,7.2441856E8,0E0,0E0,0E0,0E0,0E0,0E0],"parents":[2147483647,0,0,1,1,2,2,3,3,4,4],"right_children":[2,4,6,8,10,-1,-1,-1,-1,-1,-1],"split_conditions":[1.8397539E0,4.363989E-1,3.7322724E0,-1.5920115E-1,1.0547682E0,3.8703445E4,8.306766E4,-5.429025E3,-6.9010175E2,8.952327E3,1.9737396E4],"split_indices":[0,0,0,1,0,0,0,0,0,0,0],"split_type":[0,0,0,0,0,0,0,0,0,0,0],"sum_hessian":[1.39E2,1.32E2,7E0,1.25E2,7E0,4E0,3E0,1.17E2,8E0,3E0,4E0],"tree_param":{"num_deleted":"0","num_feature":"28","num_nodes":"11","size_leaf_vector":"1"}},{"base_weights":[1.8955515E3,-3.4499883E4,6.0673275E5,-4.6251117E4,1.5489455E5,3.5607168E4,7.6837586E4,-4.8369546E3,4.1789844E2,8.280903E3,1.8158404E4],"categories":[],"categories_nodes":[],"categories_segments":[],"categories_sizes":[],"default_left":[0,0,0,0,0,0,0,0,0,0,0],"id":2,"left_children":[1,3,5,7,9,-1,-1,-1,-1,-1,-1],"loss_changes":[3.102796E12,3.031713E11,5.0544247E10,1.3663011E10,3.546153E8,0E0,0E0,0E0,0E0,0E0,0E0],"parents":[2147483647,0,0,1,1,2,2,3,3,4,4],"right_children":[2,4,6,8,10,-1,-1,-1,-1,-1,-1],"split_conditions":[1.8397539E0,4.363989E-1,3.7322724E0,-5.372305E-2,1.0547682E0,3.5607168E4,7.6837586E4,-4.8369546E3,4.1789844E2,8.280903E3,1.8158404E4],"split_indices":[0,0,0,1,0,0,0,0,0,0,0],"split_type":[0,0,0,0,0,0,0,0,0,0,0],"sum_hessian":[1.39E2,1.32E2,7E0,1.25E2,7E0,4E0,3E0,1.2E2,5E0,3E0,4E0],"tree_param":{"num_deleted":"0","num_feature":"28","num_nodes":"11","size_leaf_vector":"1"}},{"base_weights":[2.6664722E3,-3.0884316E4,5.6011506E5,-4.1661066E4,1.4271E5,3.6015387E4,7.7333234E4,-4.4111245E3,-4.9074478E2,7.6598354E3,1.6705732E4],"categories":[],"categories_nodes":[],"categories_segments":[],"categories_sizes":[],"default_left":[0,0,0,0,0,0,0,0,0,0,0],"id":3,"left_children":[1,3,5,7,9,-1,-1,-1,-1,-1,-1],"loss_changes":[2.6356964E12,2.547595E11,6.2562763E10,1.1130208E10,8.080589E7,0E0,0E0,0E0,0E0,0E0,0E0],"parents":[2147483647,0,0,1,1,2,2,3,3,4,4],"right_children":[2,4,6,8,10,-1,-1,-1,-1,-1,-1],"split_conditions":[1.8397539E0,4.363989E-1,4.9684024E0,-1.5920115E-1,1.0547682E0,3.6015387E4,7.7333234E4,-4.4111245E3,-4.9074478E2,7.6598354E3,1.6705732E4],"split_indices":[0,0,0,1,0,0,0,0,0,0,0],"split_type":[0,0,0,0,0,0,0,0,0,0,0],"sum_hessian":[1.39E2,1.32E2,7E0,1.25E2,7E0,5E0,2E0,1.17E2,8E0,3E0,4E0],"tree_param":{"num_deleted":"0","num_feature":"28","num_nodes":"11","size_leaf_vector":"1"}},{"base_weights":[3.348485E3,-2.7649541E4,5.1827212E5,-3.7533863E4,1.3148471E4,3.3014105E4,7.217768E4,-3.9295083E3,4.2396875E2],"categories":[],"categories_nodes":[],"categories_segments":[],"categories_sizes":[],"default_left":[0,0,0,0,0,0,0,0,0],"id":4,"left_children":[1,3,5,7,-1,-1,-1,-1,-1],"loss_changes":[2.2489562E12,2.1413534E11,6.799622E10,9.436725E9,0E0,0E0,0E0,0E0,0E0],"parents":[2147483647,0,0,1,1,2,2,3,3],"right_children":[2,4,6,8,-1,-1,-1,-1,-1],"split_conditions":[1.8397539E0,4.363989E-1,4.9684024E0,-5.372305E-2,1.3148471E4,3.3014105E4,7.217768E4,-3.9295083E3,4.2396875E2],"split_indices":[0,0,0,1,0,0,0,0,0],"split_type":[0,0,0,0,0,0,0,0,0],"sum_hessian":[1.39E2,1.32E2,7E0,1.25E2,7E0,5E0,2E0,1.2E2,5E0],"tree_param":{"num_deleted":"0","num_feature":"28","num_nodes":"9","size_leaf_vector":"1"}},{"base_weights":[3.8338774E3,-2.4812092E4,4.7959388E5,-3.3808305E4,1.199798E5,3.0262928E4,6.7365836E4,-3.5398054E3,3.8863803E2,6.099212E3,1.4317397E4],"categories":[],"categories_nodes":[],"categories_segments":[],"categories_sizes":[],"default_left":[0,0,0,0,0,0,0,0,0,0,0],"id":5,"left_children":[1,3,5,7,9,-1,-1,-1,-1,-1,-1],"loss_changes":[1.9199045E12,1.772993E11,7.087155E10,7.688143E9,2.2128804E9,0E0,0E0,0E0,0E0,0E0,0E0],"parents":[2147483647,0,0,1,1,2,2,3,3,4,4],"right_children":[2,4,6,8,10,-1,-1,-1,-1,-1,-1],"split_conditions":[1.8397539E0,4.363989E-1,4.9684024E0,-5.372305E-2,1.0547682E0,3.0262928E4,6.7365836E4,-3.5398054E3,3.8863803E2,6.099212E3,1.4317397E4],"split_indices":[0,0,0,1,0,0,0,0,0,0,0],"split_type":[0,0,0,0,0,0,0,0,0,0,0],"sum_hessian":[1.39E2,1.32E2,7E0,1.25E2,7E0,5E0,2E0,1.2E2,5E0,3E0,4E0],"tree_param":{"num_deleted":"0","num_feature":"28","num_nodes":"11","size_leaf_vector":"1"}},{"base_weights":[4.2711685E3,-2.220106E4,4.4383806E5,-3.0452477E4,1.1053388E5,2.774102E4,6.287478E4,-3.2331492E3,-2.4328958E2,5.6417705E3,1.3172005E4],"categories":[],"categories_nodes":[],"categories_segments":[],"categories_sizes":[],"default_left":[0,0,0,0,0,0,0,0,0,0,0],"id":6,"left_children":[1,3,5,7,9,-1,-1,-1,-1,-1,-1],"loss_changes":[1.6389379E12,1.4903443E11,7.177214E10,6.5551483E9,1.7407672E9,0E0,0E0,0E0,0E0,0E0,0E0],"parents":[2147483647,0,0,1,1,2,2,3,3,4,4],"right_children":[2,4,6,8,10,-1,-1,-1,-1,-1,-1],"split_conditions":[1.8397539E0,4.363989E-1,4.9684024E0,-1.5920115E-1,1.0547682E0,2.774102E4,6.287478E4,-3.2331492E3,-2.4328958E2,5.6417705E3,1.3172005E4],"split_indices":[0,0,0,1,0,0,0,0,0,0,0],"split_type":[0,0,0,0,0,0,0,0,0,0,0],"sum_hessian":[1.39E2,1.32E2,7E0,1.25E2,7E0,5E0,2E0,1.17E2,8E0,3E0,4E0],"tree_param":{"num_deleted":"0","num_feature":"28","num_nodes":"11","size_leaf_vector":"1"}},{"base_weights":[4.600866E3,-1.986563E4,4.1078125E5,-2.7434814E4,1.0183222E5,2.5429268E4,5.8683133E4,-2.8472659E3,1.1337594E3,5.2186367E3,1.2118245E4],"categories":[],"categories_nodes":[],"categories_segments":[],"categories_sizes":[],"default_left":[0,0,0,0,0,0,0,0,0,0,0],"id":7,"left_children":[1,3,5,7,9,-1,-1,-1,-1,-1,-1],"loss_changes":[1.3994539E12,1.2530714E11,7.117157E10,5.393015E9,1.3611909E9,0E0,0E0,0E0,0E0,0E0,0E0],"parents":[2147483647,0,0,1,1,2,2,3,3,4,4],"right_children":[2,4,6,8,10,-1,-1,-1,-1,-1,-1],"split_conditions":[1.8397539E0,4.363989E-1,4.9684024E0,4.1464686E-2,1.0547682E0,2.5429268E4,5.8683133E4,-2.8472659E3,1.1337594E3,5.2186367E3,1.2118245E4],"split_indices":[0,0,0,1,0,0,0,0,0,0,0],"split_type":[0,0,0,0,0,0,0,0,0,0,0],"sum_hessian":[1.39E2,1.32E2,7E0,1.25E2,7E0,5E0,2E0,1.22E2,3E0,3E0,4E0],"tree_param":{"num_deleted":"0","num_feature":"28","num_nodes":"11","size_leaf_vector":"1"}},{"base_weights":[4.8531924E3,-1.7761584E4,3.802172E5,-2.4704916E4,9.381611E4,2.3310164E4,5.4770926E4,-2.6302585E3,-1.0127396E2,4.8272397E3,1.1148785E4],"categories":[],"categories_nodes":[],"categories_segments":[],"categories_sizes":[],"default_left":[0,0,0,0,0,0,0,0,0,0,0],"id":8,"left_children":[1,3,5,7,9,-1,-1,-1,-1,-1,-1],"loss_changes":[1.1951813E12,1.0535562E11,6.945361E10,4.742734E9,1.05690726E9,0E0,0E0,0E0,0E0,0E0,0E0],"parents":[2147483647,0,0,1,1,2,2,3,3,4,4],"right_children":[2,4,6,8,10,-1,-1,-1,-1,-1,-1],